algorithm,runtime_mean,coverage_mean,priority_mean,utilization_mean,fatigue_balance_mean,total_score_mean,total_score_min,total_score_max,trials
greedy,0.0002317428588867,1.0,0.9333333333333332,0.7222222222222222,0.1111111111111111,70.55555555555554,70.55555555555554,70.55555555555554,1
random,0.00010592937469478777,1.0,0.9288888888888888,0.711111111111111,0.24225895172328274,73.5009182375265,66.16200169635285,92.77777777777776,30
refined,0.0046491622924804,1.0,0.9666666666666668,0.7333333333333333,1.0,93.83333333333334,93.83333333333334,93.83333333333334,1
