algorithm,coverage_score,priority_score,time_utilization_score,fatigue_balance_score,training_frequency_score,constraint_violations,total_score
greedy,1.0,0.7230769230769231,0.4375,0.08333333333333333,0.8,0,59.27403846153846
random,1.0,0.6666666666666666,0.5027777777777778,0.14007782101167315,0.8,0,59.97616731517509
refined,1.0,0.7230769230769231,0.45416666666666666,1.0,0.8,0,73.27403846153845
