algorithm,coverage_score,priority_score,time_utilization_score,fatigue_balance_score,training_frequency_score,constraint_violations,total_score
greedy,1.0,0.7357142857142858,0.4,0.03912363067292645,1.0,0,61.30114017437961
random,1.0,0.635,0.48,0.15723270440251572,1.0,0,62.25849056603774
refined,1.0,0.75,0.4166666666666667,0.8620689655172414,1.0,0,74.18103448275862
